"Date","Event","Heading","Quote"
"Jun 15,2026","","The Unquenchable Light","Education is the light that no darkness can extinguish.
When we invest in learning, we build a fire that no ignorance can ever fully blow out."
"Jun 18,2026","","Beyond Textbooks","True education goes beyond textbooks – it nurtures empathy, critical thinking, and the courage to stand up for what is right.
A classroom that only memorises facts graduates workers; one that builds character graduates world‑changers."
"Jun 22,2026","","We Belong to the Earth","The earth does not belong to us; we belong to the earth.
We are not owners – we are guests, and every good guest leaves the house cleaner than they found it."
"Jun 24,2026","","Knowledge into Compassion","A mind fed with knowledge becomes a heart full of compassion.
Understanding the world deeply naturally turns our gaze toward the suffering of others, and that gaze is the beginning of action."
"Jun 25,2026","","Plant Hope","Plant a tree; plant hope.
A sapling asks nothing of the future except a little patience – and gives back a century of shade."
"Jun 27,2026","","Drop of Life","Every drop of water is a drop of life.
There is no high civilisation without a clean river – guard your water as you guard your own blood."
"Jul 1,2026","","The Seed of Peace","Learning is the seed; peace is the fruit.
Every lesson taught with care is a root that will one day hold a more peaceful world steady against the storms of hatred."
"Jul 3,2026","","A More Peaceful World","A greener world is a more peaceful world.
Drought breeds anger; floods breed blame – climate action is conflict prevention in overalls."
"Jul 6,2026","","Love Made Practical","Sustainability is love made practical.
Recycling is not a chore – it is a love letter written to your grandchildren."
"Jul 7,2026","","Multiplied Wisdom","Knowledge shared is knowledge multiplied.
The only resource that grows when you give it away is understanding – share it recklessly."
"Jul 9,2026","","Listen to the Forest","The forest speaks if only we listen.
The ring count on a stump is not a number – it is a diary of every summer and every silent cry."
"Jul 12,2026","","One Child's Ripple","Educate one child; change a generation.
That child will teach their children, who will teach theirs, and soon a single spark has lit an entire lineage of light."
"Jul 14,2026","","Big Change","Small hands, big change – every child can heal the earth.
A child who plants a seed learns that they are not too small to matter."
"Jul 15,2026","World Youth Skills Day","The Key in Young Hands","A skill in a young hand is a key to a thousand locked doors.
Today we honour youth skills – because confidence without competence is a bird without wings."
"Jul 18,2026","","A Right, Not a Luxury","Clean air is not a luxury; it is a right.
No child should have to choose between attending school and breathing without pain."
"Jul 20,2026","","The Beginning of Wisdom","Curiosity is the beginning of wisdom.
A child who asks 'why' is not annoying – they are the only honest adults in the room."
"Jul 23,2026","","Love More","Waste less, love more.
The landfill does not need your leftovers – your neighbour might."
"Jul 26,2026","","Freedom in Ink","Literacy is freedom written in ink.
To read is to escape any cage; to write is to build the key yourself."
"Jul 28,2026","World Nature Conservation Day","A Letter to the Future","To conserve nature is to write a letter of apology to the future – and then seal it with action.
Conservation Day reminds us: apologies without change are just noise. Plant, protect, restore."
"Aug 1,2026","","An Educated Peace","An educated society is a peaceful society.
Fear of the unknown shrinks when knowledge walks into the room, and with it, the excuses for conflict dissolve."
"Aug 2,2026","","Their Inheritance","Future generations are watching how we treat their inheritance.
They will not judge us by our GDP – they will judge us by the temperature of their summers."
"Aug 5,2026","","Insurance Policy","Biodiversity is the insurance policy of life on earth.
Every extinct species is a burned library – and we keep setting fires."
"Aug 7,2026","","Seeds of the Future","Every teacher plants seeds of the future.
You may never see the fruit, but you will feel the shade of the tree your lessons have grown."
"Aug 11,2026","","The Ocean Remembers","The ocean remembers everything we throw into it.
The plastic bottle you tossed in 1995 is now a mosaic in a turtle’s stomach – the sea has a long memory."
"Aug 12,2026","International Youth Day","The Main Hall of Change","Youth is not a waiting room – it is the main hall of change.
The world does not need young people to become leaders tomorrow – it needs their moral clarity today."
"Aug 15,2026","","Not Idealism, Arithmetic","Renewable energy is not idealism; it is arithmetic.
The sun and wind do not send invoices – the only bill we pay is the one for our own delay."
"Aug 18,2026","","Investment in Schools","The best investment a nation can make is in its schools.
Bomb factories make a country feared; schoolhouses make it loved – and lastingly strong."
"Aug 20,2026","","A Future with a Future","A sustainable future is a future with a future.
Any development that destroys tomorrow’s water is not development – it is theft."
"Aug 23,2026","","Rivers Don't Ask","Rivers don’t ask where you’re from before they quench your thirst.
Water does not discriminate – it gives itself to the just and the unjust alike. We should learn from it."
"Aug 24,2026","","Never Ending","Learning never ends, and neither does growing.
The moment you believe you have graduated from life is the moment you volunteer for irrelevance."
"Aug 27,2026","","Belongs to Everyone","The sky belongs to no one and to everyone.
The carbon molecule you release today will circle the earth for centuries – your freedom ends where the atmosphere begins."
"Aug 28,2026","","Protecting Truth","Teach a child to question; protect the future of truth.
A generation that does not question authority will inherit every lie it was too tired to challenge."
"Sep 2,2026","","Bridge or Wall","Language is the bridge; silence is the wall.
When we teach children to speak honestly and listen deeply, we give them the only tools that can dismantle hatred."
"Sep 3,2026","","Earth Remembers","Walk gently; the earth remembers your footprints.
Leave a mark that does not need to be erased – walk as if you will return tomorrow."
"Sep 6,2026","","Love for the Future","Conservation is an act of love for the future.
You may never meet the child who drinks from the spring you saved – but that does not make your love less real."
"Sep 8,2026","International Literacy Day","Borrowed Eyes","To read is to borrow someone else’s eyes; to write is to lend your own.
On Literacy Day we remember: an illiterate person is not unintelligent – they are a library whose lights have been switched off."
"Sep 11,2026","","A Beautiful Planet","Children deserve a planet as beautiful as the one we were given.
We did not earn this earth – we borrowed it. Return it with interest in the form of clean air."
"Sep 12,2026","","The Great Equalizer","Education is the great equalizer.
Birth should not determine destiny – and a good school is the levelest playing field humanity has ever invented."
"Sep 16,2026","World Ozone Day","A Single Layer","A single layer of air holds the difference between a world and a wasteland.
The Montreal Protocol proved that humanity can heal – if we decide to act as one species."
"Sep 18,2026","","The Greatest Classroom","An open mind is the greatest classroom.
Four walls do not teach; a willingness to be wrong does – and that willingness can live anywhere."
"Sep 20,2026","World Cleanup Day","Vote for the World","Picking up one piece of litter is a vote for the world you want to live in.
Cleanup Day is not about perfection – it is about telling the earth 'I am still trying'."
"Sep 23,2026","","Our Home","Nature is not a resource; it is our home.
You do not negotiate with your living room – you care for it. Extend that courtesy to the outdoors."
"Sep 24,2026","","Read Widely","Read widely; judge less.
Every book you open is another prejudice you may close forever."
"Sep 27,2026","","A Library Burned","Biodiversity lost is a library burned.
We have not yet read the book of the golden toad – and now it is ash."
"Sep 28,2026","","Temples of Democracy","Every library is a temple of democracy.
A free society rests on free information – and that sanctuary has no membership fee."
"Sep 30,2026","","Enough for Everyone","The earth has enough for everyone’s need, but not for everyone’s greed.
Hunger is not a production problem – it is a distribution problem wrapped in indifference."
"Oct 3,2026","","Walking on a Lung","Every time you walk on grass, remember you are walking on a lung.
Soil breathes. Let it."
"Oct 5,2026","World Teachers’ Day","The Unlocked Classroom","A teacher’s heart is the only classroom that never locks its doors.
Great teachers do not retire – they simply take their fire to another corner of the world."
"Oct 7,2026","","Running Out of Chalk","Climate change is a math problem – and we are running out of chalk.
The equations are clear: every fraction of a degree we delay is a mountain of suffering we choose."
"Oct 10,2026","","Purpose Beyond Training","Education without values is training without purpose.
A skilled monster is far more dangerous than an ignorant one – values must sit at the head of every class."
"Oct 12,2026","","The Green That Matters","The only green that matters is the one we leave behind.
Not your portfolio – the actual leaves, the actual moss, the actual oxygen."
"Oct 15,2026","World Students’ Day","The Sacred Question","A student’s question is more sacred than any answer.
Today we celebrate students – because a room full of question marks is a future full of exclamation points."
"Oct 18,2026","","First Medicine","Water is the first medicine.
Before the first hospital, there was a clean spring. Let us not forget that pharmacy."
"Oct 22,2026","","Seeing Ourselves","True education teaches us to see ourselves in others.
The humanities are not soft – they are the scalpel that cuts away the illusion of otherness."
"Oct 23,2026","","Cannot Sign a Treaty","A dead forest cannot sign a peace treaty.
You cannot negotiate with a desert – once the trees are gone, only silence remains."
"Oct 26,2026","","Doesn't Ask for Forgiveness","Renewable energy is energy that doesn’t ask for forgiveness.
The sun will never apologise for shining – and neither should we for using it."
"Oct 28,2026","","All Voices Welcome","The classroom that welcomes all voices teaches the greatest lesson.
Inclusion is not charity – it is the only way to hear the full music of humanity before composing tomorrow’s symphony."
"Jan 1,2027","","A Year of Learning Begins","Every child who opens a book today opens a door that no dictator can close.
Let the first day of the year be a promise to yourself: you will never stop asking 'why'."
"Jan 3,2027","","The First Footprint","Every step you take leaves a mark – make it a green one.
Walk as if the earth is watching – because it is."
"Jan 5,2027","","The Mind’s Garden","Education is not filling a bucket but lighting a fire.
A bucket of facts empties; a fire of curiosity cooks for a lifetime."
"Jan 7,2027","","The Shared River","A river does not ask for permission – it gives life to all.
Defend it as you defend your own blood."
"Jan 9,2027","","The Silent Teacher","Experience is the hardest teacher – it gives the test first and the lesson after.
But a good classroom can give the lesson first, so the test does not break you."
"Jan 11,2027","","The Silent Forest","A forest is not a resource – it is a community of ancient souls.
Listen to them before they are gone."
"Jan 13,2027","","Beyond the Exam","Grades measure memory, not imagination – and imagination is what changes the world.
Teach for the child who will invent the cure, not just the one who will memorise it."
"Jan 15,2027","","The Open Sky","The sky is the only roof we all share – keep it clean.
Every factory chimney is a hole in that roof."
"Jan 17,2027","","The First Library","A home with one book is a palace; a home with none is a prison.
Make your shelf a kingdom of borrowed lives."
"Jan 19,2027","","The Small Seed","A single seed in the ground is a promise to the future.
Plant it – you may not see the tree, but someone will."
"Jan 21,2027","","The Question Keeper","The child who asks 'why' ten times is not annoying – they are building a cathedral of understanding.
Each 'why' is a brick; let them build."
"Jan 23,2027","","The Wasted Feast","Every plate of food thrown away is a slap to the farmer and a drought to the future.
Eat mindfully – waste less."
"Jan 25,2027","","The Unfinished Lesson","The best teachers never stop being students.
A teacher who has forgotten how to learn teaches only the past, not the future."
"Jan 27,2027","","The Quiet Ocean","The ocean is not a dump – it is the heart of the planet.
Do not give it a heart attack."
"Jan 29,2027","","The Smallest Classroom","A conversation on a bus can teach more than a semester of silence.
Listen to the stranger – their life is a textbook you have never read."
"Jan 31,2027","","The Shared Breath","The air you breathe was once breathed by dinosaurs – do not ruin it now.
Be a good ancestor."
"Feb 2,2027","","The Paper Boat","Literacy is the paper boat that carries a child across the ocean of poverty.
Once they can read, no wave of ignorance can sink them."
"Feb 4,2027","","The Broken Thermostat","The planet has a fever – and we are the virus.
Be the antibiotic, not the disease."
"Feb 6,2027","","The Broken Chalk","A teacher’s voice is the only thing that grows louder when repeated.
Every lesson echoes in the lives of students you will never meet."
"Feb 8,2027","","The Last Bee","A world without bees is a world without flowers – and without us.
Protect the pollinators – they are the unpaid labour of life."
"Feb 10,2027","","The Hidden Curriculum","Respect is not taught by lecture – it is caught by watching how you speak to the cleaner.
Your students are always learning from your smallest actions."
"Feb 12,2027","","The Open Field","Every acre of concrete is a gravestone for a meadow.
Build up, not out – let the earth breathe."
"Feb 14,2027","","The Love of Learning","Falling in love with learning is the only romance that never ends in heartbreak.
It will stay with you when lovers leave and fortunes fade."
"Feb 16,2027","","The Silent Glacier","A glacier is a time capsule – when it melts, the story is lost.
Keep the story frozen."
"Feb 18,2027","","The Second Chance","A dropout is not a failure – they are a story that someone stopped reading too soon.
Every adult education class is a promise to finish that story."
"Feb 20,2027","","The Shared Shore","The shore is where land meets sea – and where our care must meet our action.
Clean a beach today – even if it is just a bucket of plastic."
"Feb 22,2027","","The Open Window","Curiosity is the window through which the world enters the soul.
Keep it open, even when the wind of trouble blows."
"Feb 24,2027","","The Quiet Current","The Gulf Stream is not a myth – it is a lifeline.
Do not cut it by heating the planet."
"Feb 26,2027","","The Common Language","Mathematics is the alphabet of nature – no translation needed.
A formula written in India works in Iceland; that is the world’s real universal language."
"Feb 28,2027","","The Open Compost","Compost is not waste – it is the earth’s way of saying 'thank you for returning the favour'.
Compost your scraps; it is the smallest miracle you can perform."
"Mar 2,2027","","The Unseen Graduate","Every time you teach a child to read, you graduate a new citizen of the world.
Their passport is their mind, and no border can stamp it closed."
"Mar 4,2027","","The Small Light","Turn off a light – save a star.
Every kilowatt saved is a star that keeps shining for our grandchildren."
"Mar 6,2027","","The Oldest School","Failure is the oldest and most honest teacher – she never lies and never flatters.
But she also never leaves you if you are willing to learn from her."
"Mar 8,2027","International Women's Day","The Woman Who Plants Trees","A woman who plants a tree plants oxygen for ten generations.
Empower her – and the earth heals itself."
"Mar 10,2027","","The Quiet Revolution","A girl with a notebook is more dangerous to tyranny than a soldier with a gun.
Because ideas cannot be shot – they multiply."
"Mar 12,2027","","The Broken Pipe","Every leaking tap is a drought somewhere else.
Fix it – water is the new gold, and gold cannot be drunk."
"Mar 14,2027","","The Mapmaker","Geography teaches us that borders are lines on paper, but rivers and mountains are real.
Know the difference – and you will know why peace matters."
"Mar 16,2027","","The Shared Car","A car with one person is a coffin for the climate – fill it, or leave it.
Share your ride; the planet will thank you."
"Mar 18,2027","","The Storyteller","History is not a list of dates – it is a million stories of people who loved and lost.
Teach those stories, and you teach compassion."
"Mar 20,2027","","The Silent Reef","A coral reef is a city under water – when it dies, the city falls silent.
Listen to the silence – then act before it is total."
"Mar 22,2027","","The Philosopher's Stone","Philosophy does not give answers – it teaches you how to live with better questions.
And a good question is worth a thousand bad answers."
"Mar 24,2027","","The Open Window","Opening a window instead of turning on the AC is a small act of rebellion.
Rebel daily."
"Mar 26,2027","","The Art of Listening","Listening is the first skill of learning, and the last one we master.
Before you can read, you must hear – hear the world, hear others, hear the silence."
"Mar 28,2027","","The Wrapped Gift","Every plastic wrapper is a gift that never stops giving – to the ocean.
Refuse the gift – bring your own bag."
"Mar 30,2027","","The School of Hard Knocks","Life will educate you whether you sign up or not – the only choice is whether you pay attention.
So pay attention now, before the tuition rises."
"Mar 31,2027","","The Shared Harvest","Food grown locally is a love letter to the climate.
Read it and eat it."
"Apr 3,2027","","The Infinite Blackboard","A curious mind never runs out of space – every answer writes ten new questions.
That is not frustration; that is the joy of forever learning."
"Apr 4,2027","","The Quiet Tire","A bicycle is a machine of peace – for the earth and for your body.
Ride it – the only emission is endorphins."
"Apr 7,2027","","The Borrowed Book","A library book is a gift from a stranger you will never meet – repay them by reading it well.
Then pass the gift on."
"Apr 8,2027","","The Broken Bottle","A glass bottle recycled is a mountain spared.
Recycle – it is the least violent act of mining."
"Apr 11,2027","","The Unfinished Sentence","Every graduation is a comma, not a full stop.
The sentence of your education continues as long as you breathe."
"Apr 12,2027","","The Shared Shade","A tree’s shade is free air conditioning – plant more.
The best technology is already growing."
"Apr 15,2027","","The Hidden Classroom","The hardest lessons are learned in silence – grief, patience, forgiveness.
No textbook can teach them; only life can."
"Apr 16,2027","","The Open Rain","Rainwater is a gift – catch it, don’t drain it.
A barrel is a bank account for dry days."
"Apr 19,2027","","The Shared Notebook","Knowledge hoarded is knowledge lost; knowledge shared is knowledge multiplied.
Write your notes for the next person – they will write theirs for you."
"Apr 20,2027","","The Silent Chimney","Every smokestack is a cough from the earth.
Cough with it – then demand a cure."
"Apr 23,2027","World Book Day (UNESCO)","The Borrowed Life","To open a book is to borrow someone else’s life for a while – return it richer.
Today, read a book from a country you have never visited – and visit it with your imagination."
"Apr 24,2027","","The Shared Tread","A shoe’s sole is a tiny tyre – walk more, drive less.
Your feet are the original zero‑emission vehicle."
"Apr 27,2027","","The Teacher’s Echo","A great teacher’s voice never dies – it echoes in the decisions you make forty years later.
Listen carefully – you can still hear them."
"Apr 28,2027","","The Quiet Watt","Solar panels are not ugly – they are the most beautiful promise we can make.
Put them on every roof."
"May 1,2027","","The First Day of May","Every spring is a reminder that learning, like nature, has its seasons.
Sometimes you need to lie fallow before you can grow again."
"May 2,2027","","The Open Garden","A garden is a protest against the asphalt.
Dig it – even a window box is a bullet fired at the concrete."
"May 5,2027","","The Unseen Curriculum","Courage is not taught in a lesson plan – it is caught from watching someone stand up when they are afraid.
Be that someone."
"May 6,2027","","The Broken Chain","A single‑use plastic is a chain that binds the future.
Break the chain – refuse it."
"May 9,2027","","The Late Bloomer","There is no deadline on learning – the brain grows as long as the heart beats.
You can start algebra at sixty, and that is not sad – that is magnificent."
"May 10,2027","","The Shared Cup","A reusable cup is a small circle of kindness.
Carry it – the planet will sip with you."
"May 13,2027","","The Broken Compass","When you are lost, education is the compass that points north.
It does not guarantee a straight line, but it guarantees you are moving somewhere true."
"May 14,2027","","The Silent Fan","A ceiling fan uses less energy than a life of regret.
Spin it – and turn down the thermostat."
"May 17,2027","","The Invisible School","The world is a school, and every person you meet is a teacher.
Some teach you patience, some teach you pain – all teach you something."
"May 18,2027","","The Open Map","The map of a sustainable future is drawn in pencil – erase and redraw.
Keep drawing; the first draft is never perfect."
"May 21,2027","","The Silent Student","The quietest child often hears the most – do not mistake shyness for emptiness.
Inside them, a universe is unfolding; give them time to speak."
"May 22,2027","International Day for Biological Diversity","The Orchestra of Life","Biodiversity is not a luxury – it is the orchestra, and we are just one instrument.
When species go silent, the music stops – and we are left with noise."
"May 25,2027","","The Unlearned Lesson","Sometimes the most important lesson is to unlearn what you were taught.
Prejudice is learned – and it can be unlearned, one honest conversation at a time."
"May 26,2027","","The Quiet Tide","The tide does not negotiate – it rises with the heat.
Lower the heat, or learn to swim."
"May 29,2027","","The Backpack of Questions","A student’s backpack should be heavy with questions, not just textbooks.
Questions are the fuel of discovery – carry more than answers."
"May 30,2027","","The Shared Loaf","Bread made from local grain is a loaf of climate justice.
Buy local – your fork is a voting booth."
"Jun 2,2027","","The Candle's Flame","Education is a candle that loses nothing by lighting another.
Light every candle you can – the dark is vast, but it is not infinite."
"Jun 3,2027","","The Open Spigot","Every tap turned off while brushing saves a river.
Turn it off – the fish will thank you."
"Jun 6,2027","","The Lasting Mark","A teacher writes on hearts, not blackboards – and those marks never erase.
Years later, you will remember the teacher who believed in you."
"Jun 7,2027","","The Broken Light","An LED bulb is a small sun that lasts for years.
Change your bulbs – it is the easiest heroism."
"Jun 10,2027","","The Open Exam","Life’s exam is open book – but you have to remember where you put the book.
Keep your learning close, and you will never fail."
"Jun 11,2027","","The Shared Cloth","A cloth bag is a flag of a better world.
Fly it every time you shop."
"Jun 14,2027","","The Seedling’s Patience","Learning takes time – a seed does not become a tree in a day.
Be patient with yourself and with every child you teach."
"Jun 15,2027","","The Silent Engine","An electric motor is a whisper – a petrol engine is a scream.
Whisper – the future is quiet."
"Jun 18,2027","","The Shared Desk","Education is not a race – it is a relay.
You take the baton, run your lap, then hand it to the next generation."
"Jun 19,2027","","The Open Sky","The sky is not a ceiling – it is a floor we are breaking.
Stop breaking it – seal the cracks."
"Jun 22,2027","","The Unfinished Map","Every degree is a map of what we know – but the edges are where discovery lives.
Do not fear the blank spaces; draw on them."
"Jun 23,2027","","The Quiet Compost","Compost is a dark magic – it turns rot into roses.
Learn the magic – it is free."
"Jun 26,2027","","The Quiet Library","A library is a hospital for the ignorant mind.
Check in often – the cure is free."
"Jun 27,2027","","The Shared Well","A well that runs dry is a village that dies.
Recharge the earth – let rain soak in, not run off."
"Jun 30,2027","","The Last Bell","The school bell rings for the last time, but the learning bell never stops.
When you hear it, smile – and keep listening."
"Jul 1,2027","","The Broken Thermostat","The planet’s thermostat is broken – and we are the repair people.
Pick up a tool – not a fossil fuel."
"Jul 4,2027","","The Freedom to Learn","True freedom is the freedom to learn anything, anywhere, anytime.
Protect that freedom as you protect your own breath."
"Jul 5,2027","","The Open Window","A breeze is free – air conditioning is a debt.
Owe less – open a window."
"Jul 8,2027","","The Open University","The internet is the greatest university ever built – and it has no walls.
Use it to learn, not just to scroll."
"Jul 9,2027","","The Silent Glacier","A glacier’s meltwater is a clock ticking – listen to the ticks.
Each tick is a child’s future slipping away."
"Jul 12,2027","","The Broken Pencil","Every mistake is a broken pencil – sharpen it and keep writing.
Do not throw away your work because of one wrong line."
"Jul 13,2027","","The Shared Shore","The shore is the planet’s edge – do not push it further.
Protect the coast – it is the skin of the earth."
"Jul 16,2027","","The Story Not Yet Written","Every child is an unwritten book – the teacher is just the first reader.
Read them carefully – the story is still being written."
"Jul 17,2027","","The Quiet Current","The current of the ocean is a bloodstream – do not poison it.
Plastic is a poison – stop the injection."
"Jul 20,2027","","The Old Dictionary","A dictionary is the only place where success comes before work.
In real life, work comes first – but the dictionary is a good reminder of the goal."
"Jul 21,2027","","The Open Field","A solar field is a field of hope.
Cover the desert with panels – turn sand into power."
"Jul 24,2027","","The Quiet Question","The most powerful question in any classroom is 'I don’t understand – can you explain again?'
Asking it is not weakness – it is the beginning of wisdom."
"Jul 25,2027","","The Shared Harvest","Harvest the sun, the wind, the water – they are free.
The only cost is our will – and that is free, too."
"Jul 28,2027","","The Shared Dream","When you teach a child to dream, you give them wings.
But you also teach them how to land safely – that is the real gift."
"Jul 29,2027","","The Silent Foot","A footstep on grass is a prayer – a tyre on grass is a wound.
Pray with your feet – walk on paths."
"Aug 1,2027","","The New Notebook","A fresh notebook is a promise: I will fill you with things that matter.
Keep that promise every day."
"Aug 2,2027","","The Open Rain","Rain is the sky’s gift – do not pave it away.
Let it soak – your grandchildren will drink it."
"Aug 5,2027","","The Worn Eraser","Mistakes are not failures – they are eraser marks on the paper of learning.
A clean page never taught anyone anything."
"Aug 6,2027","","The Broken Bottle","A bottle in the ocean is a message in a bottle – but the message is despair.
Send a different message – recycle."
"Aug 9,2027","","The Open Door","Education is the door that opens to every other door.
Without it, you are knocking on walls."
"Aug 10,2027","","The Shared Shade","The shade of a tree is a library of cool air.
Read it – then plant another tree."
"Aug 13,2027","","The Shared Chalk","A teacher’s chalk is a baton in a relay race that never ends.
Pass it gently – the next runner is watching."
"Aug 14,2027","","The Quiet Chimney","Every chimney is a gravestone for a polar bear.
Stop digging graves – stop burning."
"Aug 17,2027","","The Silent Library","In a library, silence is not emptiness – it is the sound of a thousand minds thinking.
Listen – you can almost hear the synapses firing."
"Aug 18,2027","","The Open Garden","A garden is a small rebellion against the heat.
Rebel – plant some tomatoes."
"Aug 21,2027","","The Long View","Education is the only investment whose interest compounds for generations.
Plant that tree of knowledge; your grandchildren will sit in its shade."
"Aug 22,2027","","The Shared Tread","A bike tyre leaves no scar – a car tyre leaves a wound.
Heal the wound – ride a bike."
"Aug 25,2027","","The Unseen Lesson","The most important lessons are never graded – kindness, honesty, courage.
But they are the only ones that matter at the end."
"Aug 26,2027","","The Silent Fan","A fan is a gentle breeze – an AC is a hurricane of energy.
Choose the breeze."
"Aug 29,2027","","The Shared Question","A classroom where no one asks questions is a cemetery of curiosity.
Dig up the questions – let them breathe."
"Aug 30,2027","","The Open Map","The map of a green future is in your hands – draw it.
Every choice is a line on that map."
"Sep 2,2027","","The Open Book","Life is an open‑book exam – but the book is your memory.
Fill it well while you can."
"Sep 3,2027","","The Quiet Watt","A watt saved is a watt earned – and the earth pays interest.
Save watts – the interest is a cooler planet."
"Sep 6,2027","","The Quiet Teacher","The hardest teacher is life – but she also gives the longest lesson.
Do not drop out early."
"Sep 7,2027","","The Shared Cup","A reusable cup is a small promise – keep it.
The planet is watching your promises."
"Sep 10,2027","","The Borrowed Pen","Knowledge is the only thing that becomes yours even if you borrowed it.
So borrow freely – and then lend."
"Sep 11,2027","","The Open Spigot","Water is life – do not let it drip away.
Every drop is a vote for your children’s future."
"Sep 14,2027","","The Unfinished Paragraph","Every graduation is not an ending – it is the end of one paragraph and the beginning of another.
Keep writing."
"Sep 15,2027","","The Silent Engine","An electric car is a mouse – a diesel is a lion.
Drive the mouse – the lion is extinct."
"Sep 18,2027","","The Hidden Curriculum","The real school teaches you how to be human – not just how to earn a wage.
Do not skip those classes."
"Sep 19,2027","","The Shared Loaf","Local bread is a loaf of low carbon – eat it with joy.
Your joy is the planet’s joy."
"Sep 22,2027","","The Old Compass","Tradition is the compass, not the destination.
Let it point you, but walk your own path."
"Sep 23,2027","","The Quiet Compost","Compost is alchemy – turn waste into gold.
Be an alchemist – it is easy."
"Sep 26,2027","","The Shared Memory","Every lesson you learn becomes a memory – and memories are the only things you can never lose.
So learn richly."
"Sep 27,2027","","The Open Sky","The sky is not a dumping ground – it is our blanket.
Do not set the blanket on fire."
"Sep 30,2027","","The New Language","Every language you learn is a new pair of eyes.
Suddenly you see colours you never knew existed."
"Oct 1,2027","","The Broken Thermostat","The earth’s fever is rising – be the doctor, not the virus.
Prescribe renewables – take the medicine daily."
"Oct 4,2027","","The Open Window","Curiosity is the window – throw it wide.
The wind of knowledge will rush in."
"Oct 5,2027","","The Shared Well","A shared well is a shared destiny – protect it.
Every well that goes dry is a war that begins."
"Oct 8,2027","","The Quiet Revolution","One educated girl can change a village.
One village can change a country. One country can change the world."
"Oct 9,2027","","The Open Field","A field of wind turbines is a field of dancers.
Let them dance – the wind is free."
"Oct 12,2027","","The Worn Path","Education is not a sprint – it is a long walk on a worn path.
Enjoy the walk; the destination is not the point."
"Oct 13,2027","","The Silent Glacier","A glacier’s retreat is a retreat from reason.
Stop the retreat – stop the heat."
"Oct 16,2027","","The Shared Light","A candle loses nothing by lighting another – and a mind loses nothing by teaching another.
Light as many as you can."
"Oct 17,2027","","The Quiet Current","The ocean’s current is a highway of life – do not pave it with plastic.
Keep the highway clear."
"Oct 20,2027","","The Unfinished Symphony","A life without learning is a symphony without the last movement.
Keep playing the notes – the music is never finished."
"Oct 21,2027","","The Shared Shore","The shore is a meeting place – meet it with respect.
Leave only footprints – take only memories."
"Oct 24,2027","","The Open Hand","Knowledge given away returns to you multiplied.
Be generous with what you know."
"Oct 25,2027","","The Open Rain","Rain is the sky’s tears – do not make it cry more.
Dry your tears – stop the warming."
"Oct 28,2027","","The Silent Question","The best students are the ones who ask the questions no one else dares to ask.
Be that student."
"Oct 29,2027","","The Broken Bottle","A bottle recycled is a bottle that never tortures a turtle.
Recycle – the turtle has no voice."
"Nov 1,2027","","The Borrowed Time","Every moment is a classroom – do not waste your tuition.
Pay attention."
"Nov 2,2027","","The Shared Shade","A tree’s shade is a gift – give it back by planting more.
Plant a tree today – sit in its shade tomorrow."
"Nov 5,2027","","The Shared Story","Every story you read is a life you get to live without dying.
Live many lives – read widely."
"Nov 6,2027","","The Quiet Chimney","Every smokestack is a lie – it says 'progress' but means 'destruction'.
Call the lie – shut it down."
"Nov 9,2027","","The Unseen Teacher","The past is a teacher – listen to her, but do not live in her classroom forever.
Learn, then move forward."
"Nov 10,2027","","The Open Garden","A garden is a classroom – the teacher is the earth.
Enrol today – the tuition is free."
"Nov 13,2027","","The Open Road","Education is the road map – but you have to walk the road yourself.
Take the first step today."
"Nov 14,2027","","The Shared Tread","A walk in the woods is a prayer – a drive through them is a curse.
Pray with your feet."
"Nov 17,2027","","The Quiet Bell","The school bell may ring, but the learning bell never stops.
Keep your ears open."
"Nov 18,2027","","The Silent Fan","A fan is a friend – an AC is a frenemy.
Keep your friends close – keep your AC closed."
"Nov 21,2027","","The Shared Desk","At the desk of life, everyone is a student.
No one has graduated yet."
"Nov 22,2027","","The Open Map","The map of a liveable future is being redrawn – be the cartographer.
Draw lines of wind and sun, not coal and oil."
"Nov 25,2027","","The Broken Rule","Sometimes the most important lesson is to break the rules – but only after you understand them.
Rebel wisely."
"Nov 26,2027","","The Quiet Watt","Every solar panel is a thank‑you note to the sun.
Write many notes – the sun reads them all."
"Nov 29,2027","","The Open Sky","The only limit to your learning is the sky – and the sky is not the limit, it is the beginning.
Look up and learn."
"Nov 30,2027","","The Shared Cup","A reusable cup is a love letter to the sea.
Write that letter every day."
"Dec 3,2027","","The Worn Page","A well‑read book is a well‑loved friend – its worn pages are medals of honour.
Wear them proudly."
"Dec 4,2027","","The Open Spigot","A dripping tap is a slow scream – fix it.
The scream stops when you turn the washer."
"Dec 7,2027","","The Shared Breath","Every time you teach, you breathe life into someone else’s lungs.
Breathe generously."
"Dec 8,2027","","The Silent Engine","An engine that hums is a lullaby – one that roars is a nightmare.
Choose lullabies."
"Dec 11,2027","","The Unfinished Question","The most beautiful thing in the world is an unanswered question – because it means you are still curious.
Stay curious."
"Dec 12,2027","","The Shared Loaf","Bread from a local bakery is a loaf of climate love.
Love the climate – eat local."
"Dec 15,2027","","The Open Door","Education is the door – walk through it.
On the other side is a world without walls."
"Dec 16,2027","","The Quiet Compost","Compost is the earth’s way of saying 'thank you for not wasting'.
Be thanked – compost everything you can."
"Dec 19,2027","","The Quiet Dawn","Every morning is the first page of a new book – write it well.
Do not skip the preface."
"Dec 20,2027","","The Open Sky","The sky is not a limit – it is a responsibility.
Keep it blue – for the children who will look up."
"Dec 23,2027","","The Shared Light","A single candle can light a thousand others without dimming.
Your knowledge is that candle – share it."
"Dec 24,2027","","The Shared Well","A well that never runs dry is a miracle – do not waste miracles.
Conserve water – you are not a miracle worker."
"Dec 27,2027","","The Last Lesson","The last lesson of the year is always the same: you never stop learning.
See you next year – same school, new lessons."
"Dec 28,2027","","The Quiet Current","The current of change is slow – but it is moving.
Push it – your hands are strong."
"Dec 31,2027","","The Year's End","As the year ends, remember: every day was a page in your textbook of life.
Read it again – and learn from every page."
